Workbook

Sheet validation
A1: Type Of Expense | B1: City for Hotel Accomdation | C1: Mode of Transport for local conveyance | D1: Rate | E1: Bill Attached | F1: Date
A2: Air Fare | B2: Delhi | C2: Train | E2: Yes
A3: Bus / Rail Ticket | B3: Mumbai | C3: Bus | E3: No
A4: Lodging / Hotel | B4: Chennai | C4: Taxi
A5: Food Expenses | B5: Kolkatta | C5: Auto
A6: Local Conveyance | B6: Bangalore | C6: Own Car | D6: 10
A7: Phone / Internet | B7: Other | C7: Own Bike | D7: 6
A8: Courier | C8: NA
A9: Xerox, Scan & Stationery
A10: Stamp Paper
A11: Project Consumables
A12: Others

Sheet FORM (2)
B1: Pine Labs Private Limited
B2: Business Expenses Reimbursement Form
B3: claim january 2026
B5: Employee and Claim detail: | E5: Particulars | F5: Claim Amount | G5: Value of Bill Submitted
B6: Emp ID | C6: 20658 | E6: Lodging / Hotel | F6: =SUMIF(#REF!,'FORM (2)'!$E6,#REF!) -> #REF! | G6: 0
B7: Designation | C7: SSM | E7: Food Expenses | F7: =SUMIF(#REF!,'FORM (2)'!$E7,#REF!) -> #REF! | G7: 0
B8: Department / Project | C8: UPI MINI | E8: Local Conveyance | F8: AMOUNT | G8: 2484
B9: Location | C9: VARANASI | E9: Phone / Internet | F9: =SUMIF(#REF!,'FORM (2)'!$E9,#REF!) -> #REF!
B10: Approver Manager | C10: VIVEK SHUKLA | E10: Courier | F10: =SUMIF(#REF!,'FORM (2)'!$E10,#REF!) -> #REF!
B11: Expense Type | C11: BUSINESS EXPENSES | E11: Xerox, Scan & Stationery | F11: =SUMIF(#REF!,'FORM (2)'!$E11,#REF!) -> #REF!
B12: Claim Date | C12: 20/03/26 | E12: Stamp Paper | F12: =SUMIF(#REF!,'FORM (2)'!$E12,#REF!) -> #REF!
B13: Claim Period (from) | C13: 46038 | E13: Project Consumables | F13: =SUMIF(#REF!,'FORM (2)'!$E13,#REF!) -> #REF!
B14: Claim Period (to) | C14: 46053 | E14: Others | F14: =SUMIF(#REF!,'FORM (2)'!$E14,#REF!) -> #REF!
E15: Total Claim Amount | F15: =SUM(F6:F14) -> #REF! | G15: =SUM(G6:G14) -> 2484
B19: Please ensure the monthly submission of your business claim to avoid rejection due to non-compliance with the company policy.
B21: I hereby confirm that all the expenses claimed are as per the company policy, No personal expense has been claimed in this claim.
E23: SUDHANSHU SRIVASTAVA
F24: Employee Signature
B26: Important :
B27: 1. Air Fare claim should be supported with Admin approval mail along with original boarding pass
B28: 2. IT Hardware, Repair or Consumables bills should be supported with IT approval mail
B29: 3. Project related expense should be supported with BU Head approval mail
B30: 4. Please attach original bills pertaining to current fiscal year only like Apr-Mar otherwise same are liable for rejection.
B31: 5. Claimed amount is subject to your limits approved with HR / Finance. Approval matrix available on LMS / FlexiEli

Sheet Expense Detail (2)
C1: Date of expense incurred or Expense Period | E1: Place visited
A2: Sr. No. | B2: Type Of Expense | C2: From Date | D2: To Date | E2: From | F2: To | G2: City for Hotel Accomdation | H2: Mode of Transport for local conveyance | I2: Rate Per KM for Car / Bike | J2: KM | K2: Name of Airline / Service Provider / Hotel / Restaurant / Courier / Vendor | L2: Bill No | M2: Bill Attached | N2: Amount | O2: Remarks / Descriptions
A3: 1 | B3: Local Conveyance | C3: 46038 | D3: 46038 | E3: VARANASI | F3: CANTT TO ASHAPUR | H3: Own Bike | I3: =IF(H3="Own Bike",6,IF(H3="Own Car",10,0)) -> 6 | J3: 34 | M3: No | N3: =I3*J3 -> 204
A4: 2 | B4: Local Conveyance | C4: 46039 | D4: 46039 | E4: VARANASI | F4: LAHARTARA TO HARUUA | H4: Own Bike | I4: =IF(H4="Own Bike",6,IF(H4="Own Car",10,0)) -> 6 | J4: 30 | M4: No | N4: =I4*J4 -> 180
A5: 3 | B5: Local Conveyance | C5: 46040 | D5: 46040 | E5: VARANASI | F5: LAHARTARA TO MUGALSARAI | H5: Own Bike | I5: =IF(H5="Own Bike",6,IF(H5="Own Car",10,0)) -> 6 | J5: 25 | M5: No | N5: =I5*J5 -> 150
A6: 4 | B6: Local Conveyance | C6: 46041 | D6: 46041 | E6: VARANASI | F6: CANTT TO BABATPUR | H6: Own Bike | I6: =IF(H6="Own Bike",6,IF(H6="Own Car",10,0)) -> 6 | J6: 25 | M6: No | N6: =I6*J6 -> 150
A7: 5 | B7: Local Conveyance | C7: 46042 | D7: 46042 | E7: VARANASI | F7: CANTT TO RAMNAGAR | H7: Own Bike | I7: =IF(H7="Own Bike",6,IF(H7="Own Car",10,0)) -> 6 | J7: 30 | M7: No | N7: =I7*J7 -> 180
A8: 6 | B8: Local Conveyance | C8: 46043 | D8: 46043 | E8: VARANASI | F8: LAHARTARA TO MUGALSARAI | H8: Own Bike | I8: =IF(H8="Own Bike",6,IF(H8="Own Car",10,0)) -> 6 | J8: 25 | M8: No | N8: =I8*J8 -> 150
A9: 7 | B9: Local Conveyance | C9: 46044 | D9: 46044 | E9: VARANASI | F9: MANDUADIH TO SARNATH | H9: Own Bike | I9: =IF(H9="Own Bike",6,IF(H9="Own Car",10,0)) -> 6 | J9: 25 | M9: No | N9: =I9*J9 -> 150
A10: 8 | B10: Local Conveyance | C10: 46045 | D10: 46045 | E10: VARANASI | F10: MANDUADIH TO ADALPURA | H10: Own Bike | I10: =IF(H10="Own Bike",6,IF(H10="Own Car",10,0)) -> 6 | J10: 30 | M10: No | N10: =I10*J10 -> 180
A11: 9 | B11: Local Conveyance | C11: 46046 | D11: 46046 | E11: VARANASI | F11: MANDUDIH TO RAJATALAB | H11: Own Bike | I11: =IF(H11="Own Bike",6,IF(H11="Own Car",10,0)) -> 6 | J11: 25 | M11: No | N11: =I11*J11 -> 150
A12: 10 | B12: Local Conveyance | C12: 46047 | D12: 46047 | E12: VARANASI | F12: MANDUDIH TO RAJATALAB | H12: Own Bike | I12: =IF(H12="Own Bike",6,IF(H12="Own Car",10,0)) -> 6 | J12: 31 | M12: No | N12: =I12*J12 -> 186
A13: 11 | B13: Local Conveyance | C13: 46048 | D13: 46048 | E13: VARANASI | F13: MANDUADIH TO GAURA | H13: Own Bike | I13: =IF(H13="Own Bike",6,IF(H13="Own Car",10,0)) -> 6 | J13: 27 | M13: No | N13: =I13*J13 -> 162
A14: 12 | B14: Local Conveyance | C14: 46049 | D14: 46049 | E14: VARANASI | F14: MANDUADIH TO AKELAWA | H14: Own Bike | I14: =IF(H14="Own Bike",6,IF(H14="Own Car",10,0)) -> 6 | J14: 29 | M14: No | N14: =I14*J14 -> 174
... A18: 15 | B18: Local Conveyance | C18: 46053 | D18: 46053 | E18: VARANASI | F18: MANDUADIH TO CHANDAULI | H18: Own Bike | I18: =IF(H18="Own Bike",6,IF(H18="Own Car",10,0)) -> 6 | J18: 15 | M18: No | N18: =I18*J18 -> 90
A19: Please insert lines before this row | N19: TOTAL | P19: 24,84.00
